Country,ISO,year,Continent,Population (thousands),Life Expectancy (years),Ladder of life (Wellbeing) (0-10),Ecological Footprint (g ha),HPI,"Biocapacity for year 
(g ha)",GDP per capita ($)
Costa Rica,CRI,2019,1,5047.561,80.3,6.997618675,2.648522266,62.05755177,1.56,20296.8215
Vanuatu,VUT,2019,8,299.882,70.5,6.955620317,1.61609366,60.36387581,1.56,3153.015168
Colombia,COL,2019,1,50339.443,77.3,6.350297928,1.904750865,60.1651675,1.56,14624.9713
Switzerland,CHE,2019,3,8591.361,83.8,7.69422102,4.142516115,60.10465034,1.56,68390.71299
Ecuador,ECU,2019,1,17373.657,77,5.809131145,1.507072768,58.83121306,1.56,11375.33118
Panama,PAN,2019,1,4246.44,78.5,6.085955143,2.095497138,57.93216985,1.56,31458.69263
Jamaica,JAM,2019,1,2948.277,74.5,6.309238911,1.840191003,57.90362846,1.56,9761.498522
Guatemala,GTM,2019,1,17581.476,74.3,6.262175083,1.772629006,57.87555297,1.56,8637.464165
Honduras,HND,2019,1,9746.115,75.3,5.930051327,1.580107488,57.73411068,1.56,5727.973572
Uruguay,URY,2019,1,3461.731,77.9,6.600337029,2.621885465,57.53003585,1.56,21561.06205
New Zealand,NZL,2019,2,4783.062,82.3,7.205174446,3.873951708,57.43448131,1.56,43148.44605
Philippines,PHL,2019,8,108116.622,71.2,6.267745018,1.502025499,57.10321898,1.56,8908.175977
El Salvador,SLV,2019,1,6453.55,73.3,6.454820633,2.06497864,56.32657529,1.56,8775.98652
United Kingdom,GBR,2019,3,67530.161,81.3,7.157151222,3.948529357,55.96785254,1.56,46702.97842
Peru,PER,2019,1,32510.462,76.7,5.999381542,2.087987089,55.89352023,1.56,12847.88521
Nicaragua,NIC,2019,1,6545.503,74.5,6.112545013,2.03830319,55.19364394,1.56,5407.1207
Tajikistan,TJK,2019,7,9321.023,71.1,5.464015484,0.964901584,55.15297812,1.56,3379.748697
Netherlands,NLD,2019,3,17097.123,82.3,7.42526865,4.593482329,54.94941705,1.56,56809.96717
Dominican Republic,DOM,2019,1,10738.957,74.1,6.004237175,1.927028471,54.84726134,1.56,18412.89827
Armenia,ARM,2019,7,2957.728,75.1,5.4880867,1.521645531,54.73393391,1.56,13653.74953
Brazil,BRA,2019,1,211049.519,75.9,6.451148987,2.679416288,54.56892235,1.56,14651.61618
Bangladesh,BGD,2019,6,163046.173,72.6,5.114216805,0.875011257,54.46704074,1.56,4753.726947
Mexico,MEX,2019,1,127575.529,75,6.431945324,2.578322892,54.33059101,1.56,19765.91608
Uzbekistan,UZB,2019,7,32981.715,71.7,6.154049397,1.882619055,54.14126925,1.56,6998.767576
Kyrgyzstan,KGZ,2019,7,6415.851,71.5,5.685220718,1.439890394,53.70421002,1.56,5253.667034
Serbia,SRB,2019,7,8772.228,76,6.241407394,2.691386041,53.21580638,1.56,18350.58731
Nepal,NPL,2019,6,28608.715,70.8,5.448724747,1.202942693,53.05560432,1.56,3416.791282
Thailand,THA,2019,8,69625.581,77.2,6.02215147,2.657845518,52.90452836,1.56,18459.99486
Germany,DEU,2019,3,83517.046,81.3,7.035472393,4.437431497,52.73131728,1.56,53810.56545
Spain,ESP,2019,3,46736.782,83.6,6.457449436,4.142668854,52.3355153,1.56,40936.21952
France,FRA,2019,3,65129.731,82.7,6.689644337,4.409367891,51.81547019,1.56,46112.95795
Mauritius,MUS,2019,5,1269.67,75,6.241165161,2.851947239,51.52077767,1.56,22870.28625
Finland,FIN,2019,3,5532.159,81.9,7.780347824,5.758156194,51.2716938,1.56,48802.8881
Senegal,SEN,2019,5,16296.362,67.9,5.488736629,1.15246151,51.19518904,1.56,3394.868808
Ireland,IRL,2019,3,4882.498,82.3,7.254841328,5.196829053,51.14850813,1.56,86826.3351
Albania,ALB,2019,7,2880.913,78.6,4.995317936,1.953726297,51.03309375,1.56,13724.05879
Moldova,MDA,2019,7,4043.258,71.9,5.803450584,2.041505872,50.96889516,1.56,13022.0046
Norway,NOR,2019,3,5378.859,82.4,7.442139626,5.509702465,50.87519275,1.56,64962.26227
Morocco,MAR,2019,4,36471.766,76.7,5.056751728,1.822641984,50.87309546,1.56,7514.720881
Italy,ITA,2019,3,60550.092,83.5,6.445416927,4.453128053,50.69761829,1.56,42416.41671
Sweden,SWE,2019,3,10036.391,82.8,7.398092747,5.605593113,50.50051612,1.56,52642.3152
"Palestine, State of",PSE,2019,4,4981.422,74,4.48253727,0.935436498,50.25928365,1.56,6219.960291
Argentina,ARG,2019,1,44780.675,76.7,6.085560799,3.191470119,49.98872592,1.56,22063.90437
Indonesia,IDN,2019,8,270625.567,71.7,5.346512794,1.735159206,49.59797812,1.56,11812.19764
Cyprus,CYP,2019,3,1198.574,81,6.136832714,3.974458505,49.4183661,1.56,39544.68185
Venezuela,VEN,2019,1,28515.829,72.1,5.080803394,1.593181787,48.94059614,1.56,..
Greece,GRC,2019,3,10473.452,82.2,5.952157497,4.035081313,48.81002762,1.56,30463.04105
Vietnam,VNM,2019,8,96462.108,75.4,5.467451096,2.56373618,48.44459745,1.56,8041.178551
Israel,ISR,2019,4,8519.373,83,7.331779957,6.11135185,48.24342147,1.56,40200.28742
Azerbaijan,AZE,2019,7,10047.719,73,5.173389435,1.968940748,48.03454046,1.56,14402.46386
Cambodia,KHM,2019,8,16486.542,69.8,4.998284817,1.364666284,47.96745103,1.56,4388.800909
Iceland,ISL,2019,3,339.037,83,7.532504559,6.455306668,47.95688519,1.56,55699.71639
Slovenia,SVN,2019,7,2078.654,81.3,6.665273666,5.045764978,47.88454788,1.56,39029.72579
Bosnia and Herzegovina,BIH,2019,7,3300.998,77.4,6.01552248,3.648305094,47.78103944,1.56,14922.14851
Paraguay,PRY,2019,1,7044.639,74.3,5.652625561,2.795780376,47.60305593,1.56,12685.1134
Congo (Brazzaville),COG,2019,5,5380.504,64.6,5.212622643,1.048699638,47.15744747,1.56,3673.117827
Japan,JPN,2019,8,126860.299,84.6,5.908039093,4.710935754,47.06372618,1.56,41667.1791
Czech Republic,CZE,2019,7,10689.213,79.4,6.965628386,5.400431879,46.8144963,1.56,40828.05984
Austria,AUT,2019,3,8955.108,81.5,7.195361137,6.05452653,46.81302886,1.56,56011.61122
Sri Lanka,LKA,2019,6,21323.734,77,4.213299274,1.501491981,46.79711602,1.56,13078.09812
Slovakia,SVK,2019,7,5457.012,77.5,6.243428707,4.217127795,46.57431406,1.56,31965.32847
Algeria,DZA,2019,4,43053.054,76.9,4.744627476,2.22316038,46.48894951,1.56,11510.55709
Portugal,PRT,2019,3,10226.178,82,6.095473289,4.776021175,46.26293284,1.56,34904.68577
Romania,ROU,2019,7,19364.558,76,6.129942417,3.925004477,46.21227471,1.56,29968.57521
Croatia,HRV,2019,7,4130.299,78.5,5.625743866,3.641389841,46.20843547,1.56,28845.29047
Liberia,LBR,2019,5,4937.374,64.1,5.121460915,1.065146506,46.0225342,1.56,1427.81909
Chile,CHL,2019,1,18952.035,80.2,5.942250252,4.443800777,45.64123987,1.56,25131.46476
Singapore,SGP,2019,8,5804.343,83.6,6.378359795,5.598810316,45.54925389,1.56,97341.46865
Hungary,HUN,2019,7,9684.68,76.9,6.000259876,4.067559062,45.44647998,1.56,32639.5083
Denmark,DNK,2019,3,5771.877,80.9,7.693003178,7.047285091,45.32635001,1.56,57862.27828
Iraq,IRQ,2019,4,39309.789,70.6,4.835783005,1.736921221,45.27885667,1.56,10881.17209
Kenya,KEN,2019,5,52573.967,66.7,4.618850231,0.987102409,45.18295778,1.56,4329.87139
Pakistan,PAK,2019,6,216565.317,67.3,4.442717552,0.873785382,45.10544179,1.56,4690.484755
Poland,POL,2019,7,37887.771,78.7,6.24209404,4.770052414,45.0226049,1.56,33226.26592
Bolivia,BOL,2019,1,11513.102,71.5,5.67427063,2.940349746,44.99913781,1.56,8724.475702
Uganda,UGA,2019,5,44269.587,63.4,4.948051453,0.98585989,44.76973343,1.56,2187.464881
Yemen,YEM,2019,4,29161.922,66.1,4.196912766,0.515748973,44.62843323,1.56,..
Georgia,GEO,2019,7,3996.762,73.8,4.89183569,2.428397442,44.2727762,1.56,14993.12044
Mozambique,MOZ,2019,5,30366.043,60.9,4.932132721,0.720906458,44.18803798,1.56,1281.391836
Madagascar,MDG,2019,5,26969.306,67,4.339087486,0.86518582,44.1806548,1.56,1647.02116
Tunisia,TUN,2019,4,11694.721,76.7,4.315479755,2.118263819,43.92253442,1.56,10755.60815
North Macedonia,MKD,2019,7,2083.458,75.8,5.015485287,2.953336353,43.85874421,1.56,16660.45011
Jordan,JOR,2019,4,10101.697,74.5,4.452548027,2.030631176,43.85457626,1.56,10071.38287
Iran,IRN,2019,4,82913.893,76.7,5.006145954,3.115897585,43.632488,1.56,12389.22159
Malta,MLT,2019,3,440.377,82.5,6.73297739,6.501664888,43.5028292,1.56,43585.36486
Egypt,EGY,2019,4,100388.076,72,4.327831745,1.670407029,43.17843848,1.56,11763.25364
Taiwan,TWN,2019,8,23773.881,80.4627,6.537089825,5.969634938,43.15363214,1.56,#N/A
Australia,AUS,2019,2,25203.2,83.4,7.233994961,7.525196181,43.11437338,1.56,49609.04403
Belarus,BLR,2019,7,9452.409,74.8,5.821453094,4.110974951,42.88780952,1.56,19249.28548
Laos,LAO,2019,8,7169.456,67.9,5.196856022,2.275418923,42.78420143,1.56,7826.388595
Libya,LBY,2019,4,6777.453,72.9,5.33022213,3.208879734,42.68543403,1.56,15174.16475
Belgium,BEL,2019,3,11539.326,81.6,6.772138119,6.694853717,42.53497245,1.56,51830.74647
Comoros,COM,2019,5,850.891,64.3,4.608616352,1.121470201,42.43860389,1.56,3059.509705
China,CHN,2019,8,1433783.692,76.9,5.144120216,3.737106216,41.88879499,1.56,16092.30077
Malaysia,MYS,2019,8,31949.789,76.2,5.427954197,4.06984805,41.74073777,1.56,28364.48697
Ethiopia,ETH,2019,5,112078.727,66.6,4.099555016,0.941089192,41.72822439,1.56,2221.404605
Saudi Arabia,SAU,2019,4,34268.529,75.1,6.561247349,5.516561892,41.61211706,1.56,46962.14906
Burkina Faso,BFA,2019,5,20321.383,61.6,4.740892887,1.056987637,41.53829397,1.56,2178.323415
Benin,BEN,2019,5,11801.151,61.8,4.976360798,1.388341424,41.37151967,1.56,3287.309538
Niger,NER,2019,5,23310.719,62.4,5.003544331,1.51281053,41.35091295,1.56,1224.510472
Montenegro,MNE,2019,7,627.988,76.9,5.386024952,4.222767782,41.33038029,1.56,21602.69568
Turkey,TUR,2019,4,83429.607,77.7,4.87207365,3.610031436,41.28234798,1.56,28289.0888
Ukraine,UKR,2019,7,43993.643,72.1,4.701762199,2.643290808,40.90280442,1.56,12810.28945
Congo (Kinshasa),COD,2019,5,86790.568,60.7,4.416484356,0.73384215,40.52924206,1.56,1097.948853
Canada,CAN,2019,2,37411.038,82.4,7.1090765,8.145413732,40.18359249,1.56,48881.39675
Bulgaria,BGR,2019,7,7000.117,75,5.108438015,3.832988495,40.13077545,1.56,23265.62327
Myanmar,MMR,2019,8,54045.422,67.1,4.43423748,1.751745181,40.04479079,1.56,5142.154166
Cameroon,CMR,2019,5,25876.387,59.3,4.936737537,1.244285448,39.90883236,1.56,3642.277258
Gabon,GAB,2019,5,2172.578,66.5,4.914393425,2.323540263,39.86493361,1.56,14950.0702
South Korea,KOR,2019,8,51225.321,83,5.902816772,6.446572539,39.81907149,1.56,42878.8173
Cote d'Ivoire,CIV,2019,5,25716.554,57.8,5.392012119,1.579017311,39.64587173,1.56,5212.556048
Sudan,SDN,2019,5,42813.237,65.3,4.241629481,1.337276684,39.60313347,1.56,3958.46839
Ghana,GHA,2019,5,30417.858,64.1,4.96680975,2.095714691,39.52473405,1.56,5412.628122
Mali,MLI,2019,5,19658.023,59.3,4.98799181,1.414121906,39.34192686,1.56,2321.594445
Rwanda,RWA,2019,5,12626.938,69,3.268152237,0.606204969,39.23448403,1.56,2226.863571
Lebanon,LBN,2019,4,6855.709,78.9,4.024219513,3.051294827,38.99983124,1.56,14551.58522
Malawi,MWI,2019,5,18628.749,64.3,3.869123697,0.8931181,38.70654232,1.56,1059.72349
Kazakhstan,KAZ,2019,7,18551.428,73.6,6.272268295,5.718624171,38.64493232,1.56,26351.80444
Haiti,HTI,2019,1,11263.079,64,3.614928007,0.618312421,38.19941901,1.56,2905.439081
Guinea,GIN,2019,5,12771.246,61.6,4.76768446,1.770611073,38.06100367,1.56,2562.082921
Burundi,BDI,2019,5,11530.577,61.6,3.775283098,0.592674199,37.69524004,1.56,751.6639572
United States of America,USA,2019,2,329064.917,78.9,6.943701267,8.21127422,37.44571593,1.56,62530.38959
Togo,TGO,2019,5,8082.359,61,4.179493904,1.093472558,37.31041453,1.56,1596.644938
Tanzania,TZA,2019,5,58005.461,65.5,3.640154839,1.093729383,36.95833825,1.56,2660.420338
Lithuania,LTU,2019,7,2759.631,75.9,6.064097881,6.418018228,36.85726815,1.56,37181.00294
Namibia,NAM,2019,5,2494.524,63.7,4.435811043,1.94275258,36.80911639,1.56,9637.180351
Bhutan,BTN,2019,6,763.094,71.8,5.196599483,4.387431921,36.67282917,1.56,11832.18926
India,IND,2019,6,1366417.756,69.7,3.24876976,1.219981627,36.37213182,1.56,6700.062225
South Africa,ZAF,2019,5,58558.267,64.1,5.034863472,2.966766551,36.20526477,1.56,12481.81351
Eswatini,SWZ,2019,5,1148.133,60.2,4.396114826,1.670769722,35.34532956,1.56,8621.826595
Russia,RUS,2019,7,145872.26,72.6,5.440523624,5.463714556,34.92504653,1.56,27043.93539
Mauritania,MRT,2019,5,4525.698,64.9,4.152619362,2.244926551,34.66241836,1.56,5197.074547
Estonia,EST,2019,7,1325.649,78.8,6.034641266,7.849581202,34.44290255,1.56,36947.70613
Zambia,ZMB,2019,5,17861.034,63.9,3.306796551,0.931228935,34.41091087,1.56,3470.448801
United Arab Emirates,ARE,2019,4,9770.526,78,6.710782528,8.935042966,34.30856703,1.56,67119.13264
Latvia,LVA,2019,7,1906.74,75.3,5.969753742,7.151485607,34.14497266,1.56,30965.45186
Nigeria,NGA,2019,5,200963.603,54.7,4.356419086,0.992864564,34.13821364,1.56,5135.499571
Hong Kong,HKG,2019,8,7436.157,84.9,5.659317017,8.601888167,33.8906582,1.56,59847.55428
Bahrain,BHR,2019,4,1641.164,77.3,7.098012447,9.796565318,33.5929738,1.56,45010.7115
Kuwait,KWT,2019,4,4207.077,75.5,6.106119633,7.765422422,33.32497187,1.56,49853.57645
Turkmenistan,TKM,2019,7,5942.094,68.2,5.474299908,5.360309534,32.95738249,1.56,..
Botswana,BWA,2019,5,2303.703,69.6,3.471084833,2.661163058,31.85112214,1.56,17766.53897
Luxembourg,LUX,2019,3,615.73,82.3,7.404015541,12.58940703,31.72336953,1.56,114304.0442
Trinidad and Tobago,TTO,2019,1,1394.969,73.5,6.191859722,8.243828751,31.61280299,1.56,26175.83698
Chad,TCD,2019,5,15946.882,54.2,4.250799179,1.671389473,30.36278983,1.56,1579.626695
Afghanistan,AFG,2019,6,38041.757,64.8,2.375091791,0.732091747,29.40920321,1.56,2065.036398
Sierra Leone,SLE,2019,5,7813.207,54.7,3.447381496,0.966944784,29.01673937,1.56,1718.276712
Zimbabwe,ZWE,2019,5,14645.473,61.5,2.693523169,0.980442271,28.64019133,1.56,2835.948532
Lesotho,LSO,2019,5,2125.267,54.3,3.5117805,1.453869813,27.30855036,1.56,2704.415261
Central African Republic,CAF,2019,5,4745.179,53.3,3.08446157,1.20802659,25.21146334,1.56,944.8680935
Mongolia,MNG,2019,8,3225.166,69.9,5.562905312,10.08471331,24.46703662,1.56,12316.78755
Qatar,QAT,2019,4,2832.071,80.2,6.374529362,15.03758856,24.32655376,1.56,90043.92618
Costa Rica,CRI,2018,1,4999.443,80.1,7.141074657,2.598468849,63.30310154,1.57,20073.88145
Vanuatu,VUT,2018,8,292.675,70.3,6.874683597,1.624379041,59.63471472,1.57,3128.469953
Colombia,COL,2018,1,49661.056,77.1,5.983512402,1.890250973,57.52070486,1.57,14356.69407
Switzerland,CHE,2018,3,8525.614,83.6,7.508586884,4.289062603,58.07155554,1.57,68246.40264
Ecuador,ECU,2018,1,17084.359,76.8,6.128010273,1.630290323,60.20185891,1.57,11561.74921
Panama,PAN,2018,1,4176.868,78.3,6.281434059,2.17913361,58.66240568,1.57,31049.17931
Jamaica,JAM,2018,1,2934.853,74.4,6.099498987,1.834394317,56.45698863,1.57,9737.981656
Guatemala,GTM,2018,1,17247.855,74.1,6.626591682,1.79182249,60.20083496,1.57,8448.463809
Honduras,HND,2018,1,9587.523,75.1,5.908423901,1.558357497,57.63346241,1.57,5672.25331
Uruguay,URY,2018,1,3449.29,77.8,6.371714592,2.600654213,56.1202047,1.57,21590.83348
New Zealand,NZL,2018,2,4743.131,82.1,7.370285988,4.074509741,57.25973168,1.57,42642.66293
Philippines,PHL,2018,8,106651.394,71.1,5.869172573,1.410517823,54.93372905,1.57,8516.094388
El Salvador,SLV,2018,1,6420.74,73.1,6.241199493,2.016699957,55.10601219,1.57,8615.576151
United Kingdom,GBR,2018,3,67141.678,81.2,7.233445168,4.07478172,55.74683502,1.57,46290.12272
Peru,PER,2018,1,31989.265,76.5,5.679661274,2.124119242,53.33301717,1.57,12782.37633
Nicaragua,NIC,2018,1,6465.502,74.3,5.81895256,1.867514524,54.18555087,1.57,5694.92448
Tajikistan,TJK,2018,7,9100.847,70.9,5.497468948,0.956281661,55.36071427,1.57,3234.721579
Netherlands,NLD,2018,3,17059.56,82.1,7.463097095,4.813214642,54.01096098,1.57,56239.95536
Dominican Republic,DOM,2018,1,10627.147,73.9,5.433215618,1.827284324,51.42705685,1.57,17711.76553
Armenia,ARM,2018,7,2951.741,74.9,5.062448502,1.701442904,50.36376199,1.57,12714.95819
Brazil,BRA,2018,1,209469.32,75.7,6.190921783,2.739750666,52.4416616,1.57,14596.24616
Bangladesh,BGD,2018,6,161376.713,72.3,4.499217033,0.84443963,49.73475272,1.57,4441.424462
Mexico,MEX,2018,1,126190.782,75,6.549578667,2.60141551,55.02105747,1.57,19993.71739
Uzbekistan,UZB,2018,7,32476.232,71.6,6.205460072,1.955702187,53.99254102,1.57,6755.480974
Kyrgyzstan,KGZ,2018,7,6304.025,71.3,5.297383308,1.499857642,50.47203196,1.57,5133.151914
Serbia,SRB,2018,7,8802.741,75.8,5.936493397,2.682327287,51.20114469,1.57,17508.5278
Nepal,NPL,2018,6,28095.712,70.5,4.910086632,1.173995395,49.16969376,1.57,3252.743328
Thailand,THA,2018,8,69428.454,76.9,6.011561871,2.624175811,52.86786519,1.57,18086.50771
Germany,DEU,2018,3,83124.413,81.2,7.118364334,4.583985349,52.49810705,1.57,53634.14458
Spain,ESP,2018,3,46692.863,83.4,6.513370991,4.086202229,52.89059426,1.57,40441.27469
France,FRA,2018,3,64990.512,82.5,6.665903568,4.498721588,51.17811753,1.57,45488.65322
Mauritius,MUS,2018,5,1267.184,74.9,5.88174057,3.000772758,48.46616829,1.57,22208.13812
Finland,FIN,2018,3,5522.585,81.7,7.85810709,5.857173209,51.18811549,1.57,48303.3622
Senegal,SEN,2018,5,15854.324,67.7,4.769377232,1.158450903,46.03607262,1.57,3314.785689
Ireland,IRL,2018,3,4818.694,82.1,6.962335587,5.107560986,49.8516289,1.57,83388.72115
Albania,ALB,2018,7,2882.735,78.5,5.004402637,1.997753708,50.82174031,1.57,13366.30306
Moldova,MDA,2018,7,4051.95,71.8,5.682277203,1.96620229,50.60364962,1.57,12363.14684
Norway,NOR,2018,3,5337.96,82.3,7.444262028,5.667377822,50.21740314,1.57,64655.68752
Morocco,MAR,2018,4,36029.089,76.5,4.896791935,1.782915598,49.87068701,1.57,7437.637535
Italy,ITA,2018,3,60627.291,83.4,6.516526699,4.432096245,51.21839408,1.57,42187.82412
Sweden,SWE,2018,3,9971.63,82.7,7.374792099,5.844604264,49.38821142,1.57,52516.45407
"Palestine, State of",PSE,2018,4,4862.978,73.9,4.5539217,0.864397842,51.30103809,1.57,6318.210068
Argentina,ARG,2018,1,44361.15,76.5,5.792796612,3.258791452,47.75514195,1.57,22759.39856
Indonesia,IDN,2018,8,267670.549,71.5,5.340295792,1.700775266,49.67023522,1.57,11371.53194
Cyprus,CYP,2018,3,1189.262,80.8,6.276443005,3.905683383,50.52531122,1.57,38822.49197
Venezuela,VEN,2018,1,28887.117,72.1,5.005663395,1.92698938,46.52875272,1.57,..
Greece,GRC,2018,3,10522.244,82.1,5.40928936,4.079718668,45.29208356,1.57,29859.80485
Vietnam,VNM,2018,8,95545.959,75.3,5.295547009,2.396014334,48.213858,1.57,7586.384939
Israel,ISR,2018,4,8381.507,82.8,6.92717886,5.785174899,47.33166993,1.57,39600.27751
Azerbaijan,AZE,2018,7,9949.537,72.9,5.167995453,1.964655733,48.00791652,1.57,14209.64941
Cambodia,KHM,2018,8,16249.795,69.6,5.121837616,1.391165707,48.56430751,1.57,4159.337426
Iceland,ISL,2018,3,336.712,82.9,7.504359245,6.710243699,46.88231567,1.57,55866.18927
Slovenia,SVN,2018,7,2077.836,81.2,6.249419212,4.991998824,45.80267268,1.57,38089.53867
Bosnia and Herzegovina,BIH,2018,7,3323.929,77.3,5.887401104,3.508819012,47.66868461,1.57,14432.68266
Paraguay,PRY,2018,1,6956.069,74.1,5.68296051,2.948252402,46.92878022,1.57,12850.46496
Congo (Brazzaville),COG,2018,5,5244.363,64.3,5.490214348,1.058979128,48.75799677,1.57,3906.939945
Japan,JPN,2018,8,127202.19,84.5,5.793575287,4.666630762,46.57069051,1.57,41309.95609
Czech Republic,CZE,2018,7,10665.679,79.2,7.034165382,5.443617793,46.92872321,1.57,40053.77367
Austria,AUT,2018,3,8891.383,81.4,7.396001816,5.996407697,48.05222106,1.57,55474.20315
Sri Lanka,LKA,2018,6,21228.76,76.8,4.435023785,1.485890943,48.48710561,1.57,12864.60635
Slovakia,SVK,2018,7,5453.017,77.4,6.23511076,4.352998824,45.93018711,1.57,31283.76368
Algeria,DZA,2018,4,42228.415,76.7,5.043086052,2.274678361,48.18461881,1.57,11642.19449
Portugal,PRT,2018,3,10256.192,81.9,5.919822693,4.566558766,46.12374519,1.57,34149.39832
Romania,ROU,2018,7,19506.11,75.9,6.150878906,3.641012763,47.63387338,1.57,28616.6
Croatia,HRV,2018,7,4156.407,78.3,5.536271095,3.656390574,45.52398626,1.57,27888.57363
Liberia,LBR,2018,5,4818.976,63.7,4.134852886,1.087836224,39.08039625,1.57,1497.004477
Chile,CHL,2018,1,18729.166,80,6.436220646,4.373670792,48.71915892,1.57,25165.17818
Singapore,SGP,2018,8,5757.503,83.5,6.374564171,5.712974499,45.09627695,1.57,97744.95461
Hungary,HUN,2018,7,9707.502,76.7,5.935770988,3.853759318,45.94365008,1.57,31196.50498
Denmark,DNK,2018,3,5752.131,80.8,7.648785591,7.023360955,45.19615624,1.57,56461.00792
Iraq,IRQ,2018,4,38433.604,70.5,4.8864007,1.769129175,45.42260571,1.57,10660.09256
Kenya,KEN,2018,5,51392.57,66.3,4.655702591,0.99217778,45.1485644,1.57,4203.802282
Pakistan,PAK,2018,6,212228.288,67.1,5.471553802,0.873021631,52.39046558,1.57,4739.768808
Poland,POL,2018,7,37921.585,78.5,6.111485004,4.760620326,44.27596619,1.57,31775.26164
Bolivia,BOL,2018,1,11353.14,71.2,5.915734291,3.023832411,45.86141216,1.57,8655.52996
Uganda,UGA,2018,5,42729.032,63,4.321714878,1.013246863,40.1912495,1.57,2122.260513
Yemen,YEM,2018,4,28498.683,66.1,3.057513952,0.560899554,35.98012352,1.57,..
Georgia,GEO,2018,7,4002.946,73.6,4.659097195,2.288986887,43.36861131,1.57,14257.08166
Mozambique,MOZ,2018,5,29496.009,60.2,4.653713703,0.762535411,41.5696699,1.57,1289.738003
Madagascar,MDG,2018,5,26262.313,66.7,4.070586681,0.900804485,41.88067184,1.57,1613.104514
Tunisia,TUN,2018,4,11565.203,76.5,4.741132259,2.139239539,46.7022545,1.57,10763.78558
North Macedonia,MKD,2018,7,2082.957,75.7,5.239834785,2.949917399,45.27590392,1.57,16147.72998
Jordan,JOR,2018,4,9965.322,74.4,4.638933659,1.959970559,45.50249618,1.57,10022.76232
Iran,IRN,2018,4,81800.204,76.5,4.278117657,3.178226508,38.75467309,1.57,13471.84897
Malta,MLT,2018,3,439.255,82.4,6.909710884,6.032441296,46.05316234,1.57,43207.26772
Egypt,EGY,2018,4,98423.602,71.8,4.005450726,1.731398804,40.55629471,1.57,11366.33633
Taiwan,TWN,2018,8,23726.46,80.2928,6.467004776,5.922920989,42.91580362,1.57,#N/A
Australia,AUS,2018,2,24898.153,83.3,7.17699337,7.386751688,43.27778032,1.57,49304.25111
Belarus,BLR,2018,7,9452.615,74.6,5.233769894,4.165250433,39.36753199,1.57,18885.2355
Laos,LAO,2018,8,7061.498,67.6,4.85940218,2.282094073,40.54458321,1.57,7592.819798
Libya,LBY,2018,4,6678.565,72.7,5.493977547,3.349107295,42.94110805,1.57,15017.98908
Belgium,BEL,2018,3,11482.18,81.5,6.89217186,6.648064355,43.2661911,1.57,51279.65454
Comoros,COM,2018,5,832.322,64.1,3.972819567,1.134259997,38.058437,1.57,3066.837847
China,CHN,2018,8,1427647.789,76.7,5.131433964,3.731989287,41.76439175,1.57,15242.98586
Malaysia,MYS,2018,8,31528.033,76,5.338817596,3.976755248,41.53632467,1.57,27557.65446
Ethiopia,ETH,2018,5,109224.41,66.2,4.379262447,0.978679285,43.22297012,1.57,2103.512989
Saudi Arabia,SAU,2018,4,33702.757,75,6.356393337,5.650836616,40.14794386,1.57,47596.73557
Burkina Faso,BFA,2018,5,19751.466,61.2,4.92723608,1.091197608,42.26598534,1.57,2120.322861
Benin,BEN,2018,5,11485.035,61.5,5.81982708,1.405258268,46.26491601,1.57,3160.777093
Niger,NER,2018,5,22442.831,62,5.164007187,1.542992738,41.90897353,1.57,1200.966203
Montenegro,MNE,2018,7,627.803,76.8,5.650189877,4.104997878,43.28636699,1.57,20752.62045
Turkey,TUR,2018,4,82340.09,77.4,5.185689449,3.561371915,43.24802024,1.57,28410.11313
Ukraine,UKR,2018,7,44246.158,72,4.661909103,2.670289599,40.52097817,1.57,12338.0028
Congo (Kinshasa),COD,2018,5,84068.092,60.4,,0.742806693,,1.57,1085.893701
Canada,CAN,2018,2,37074.558,82.3,7.175496578,8.135169134,40.50111265,1.57,48770.33586
Bulgaria,BGR,2018,7,7051.61,74.9,5.098813534,3.703585066,40.57941736,1.57,22279.36194
Myanmar,MMR,2018,8,53708.318,66.9,4.410633087,1.746158362,39.83167699,1.57,5029.180876
Cameroon,CMR,2018,5,25216.261,58.9,5.250737667,1.255016363,41.46230101,1.57,3603.551705
Gabon,GAB,2018,5,2119.275,66.2,4.783009052,2.242145187,39.29790813,1.57,14744.43433
South Korea,KOR,2018,8,51171.7,82.8,5.840231419,6.335861321,39.79236757,1.57,42105.27993
Cote d'Ivoire,CIV,2018,5,25069.226,57.4,5.26837492,1.497529256,39.08015845,1.57,5033.478224
Sudan,SDN,2018,5,41801.532,65.1,,1.336276785,,1.57,4160.597868
Ghana,GHA,2018,5,29767.108,63.8,5.003693104,2.071768904,39.68537151,1.57,5194.439001
Mali,MLI,2018,5,19077.755,58.9,4.415729523,1.426160259,35.66796942,1.57,2283.710194
Rwanda,RWA,2018,5,12301.969,68.7,3.5610466,0.641798171,41.10205847,1.57,2088.754318
Lebanon,LBN,2018,4,6859.408,78.9,5.167186737,3.183907596,45.82130248,1.57,15612.01218
Malawi,MWI,2018,5,18143.215,63.8,3.334633589,0.901774306,34.71630124,1.57,1042.526368
Kazakhstan,KAZ,2018,7,18319.616,73.2,6.00763607,5.901997763,36.66047233,1.57,25544.34476
Haiti,HTI,2018,1,11123.183,63.7,3.614928007,0.63463956,37.94186761,1.57,2992.312294
Guinea,GIN,2018,5,12414.292,61.2,5.25222683,1.725578829,40.86355159,1.57,2495.971762
Burundi,BDI,2018,5,11175.379,61.2,3.775283098,0.610356416,37.35026949,1.57,761.5241934
United States of America,USA,2018,2,327096.263,78.9,6.882684708,8.150143184,37.3934735,1.57,61498.36983
Togo,TGO,2018,5,7889.095,60.8,4.022894859,1.092480553,36.22690094,1.57,1552.858562
Tanzania,TZA,2018,5,56313.444,65,3.445023298,1.135528184,35.15208205,1.57,2589.975602
Lithuania,LTU,2018,7,2801.27,75.7,6.308878899,6.138185904,38.76514251,1.57,35540.65377
Namibia,NAM,2018,5,2448.3,63.4,4.834087849,2.034064871,38.57984512,1.57,9931.972912
Bhutan,BTN,2018,6,754.396,71.5,,4.505679324,,1.57,11348.47204
India,IND,2018,6,1352642.283,69.4,3.818068743,1.213227782,40.29637313,1.57,6496.807506
South Africa,ZAF,2018,5,57792.52,63.9,4.8839221,3.064659144,34.95262643,1.57,12627.92858
Eswatini,SWZ,2018,5,1136.274,59.4,4.211565018,1.786539621,33.29174927,1.57,8521.214825
Russia,RUS,2018,7,145734.034,72.4,5.513500214,5.490276514,35.12681073,1.57,26667.72544
Mauritania,MRT,2018,5,4403.312,64.7,4.313615322,2.282436597,35.36185015,1.57,5042.423182
Estonia,EST,2018,7,1322.913,78.6,6.091302395,7.562801465,35.34342274,1.57,35320.47464
Zambia,ZMB,2018,5,17351.714,63.5,4.041488171,0.958663558,38.99215665,1.57,3521.520144
United Arab Emirates,ARE,2018,4,9630.966,77.8,6.603743553,8.922794684,33.85940322,1.57,66968.26985
Latvia,LVA,2018,7,1928.461,75.2,5.901154041,6.619379482,35.22580922,1.57,30131.97915
Nigeria,NGA,2018,5,195874.685,54.3,5.252288342,1.008926849,38.90693084,1.57,5155.074546
Hong Kong,HKG,2018,8,7371.728,84.7,5.510895967,8.844873384,32.66395188,1.57,61063.54937
Bahrain,BHR,2018,4,1569.44,77.2,6.662666559,9.065320543,33.48858453,1.57,46227.02712
Kuwait,KWT,2018,4,4137.314,75.4,6.100012541,7.867505522,33.05372679,1.57,50478.5941
Turkmenistan,TKM,2018,7,5850.902,68.1,4.620601654,5.300352632,29.25145523,1.57,14845.32943
Botswana,BWA,2018,5,2254.067,69.3,3.4613657,2.706598731,31.51073757,1.57,17634.19462
Luxembourg,LUX,2018,3,604.244,82.1,7.242630959,12.70444185,30.94930291,1.57,113952.3579
Trinidad and Tobago,TTO,2018,1,1389.841,73.4,,8.196677454,,1.57,26272.9084
Chad,TCD,2018,5,15477.727,54,4.486325264,1.671245789,31.48851121,1.57,1576.31867
Afghanistan,AFG,2018,6,37171.922,64.5,2.694303274,0.726988649,31.54055353,1.57,2033.779002
Sierra Leone,SLE,2018,5,7650.149,54.3,4.305683136,0.986696281,33.61343409,1.57,1663.292393
Zimbabwe,ZWE,2018,5,14438.812,61.2,3.616479874,1.023807575,34.24830484,1.57,3130.029501
Lesotho,LSO,2018,5,2108.327,53.7,3.653540611,1.465202335,27.67456595,1.57,2748.543746
Central African Republic,CAF,2018,5,4666.375,52.8,,1.188435071,,1.57,933.1095507
Mongolia,MNG,2018,8,3170.214,69.7,5.464622974,9.664828807,24.72542004,1.57,11915.5793
Qatar,QAT,2018,4,2781.682,80.1,,14.91070345,,1.57,90970.22442
Costa Rica,CRI,2017,1,4949.955,79.9,7.22518158,2.568161027,64.1664918,1.6,19749.16744
Vanuatu,VUT,2017,8,285.499,70.2,6.793746878,1.63855,59.10720478,1.6,3116.645194
Colombia,COL,2017,1,48909.844,76.9,6.157341957,1.91120352,58.6797165,1.6,14219.53282
Switzerland,CHE,2017,3,8455.797,83.5,7.473593235,4.474964779,57.00842613,1.6,66910.5737
Ecuador,ECU,2017,1,16785.356,76.6,5.839518547,1.713983053,57.50511403,1.6,11617.90876
Panama,PAN,2017,1,4106.764,78.1,6.567658901,2.270548219,60.10793063,1.6,30454.76381
Jamaica,JAM,2017,1,2920.848,74.3,5.889759064,1.811078493,55.26431443,1.6,9598.370957
Guatemala,GTM,2017,1,16914.979,73.8,6.325118542,1.783268906,58.09636199,1.6,8317.364101
Honduras,HND,2017,1,9429.016,74.9,6.019985676,1.538064619,58.64685917,1.6,5561.996312
Uruguay,URY,2017,1,3436.645,77.6,6.336009979,2.58218,56.04577268,1.6,21324.846
New Zealand,NZL,2017,2,4702.029,82,7.32718277,4.322969965,55.81019187,1.6,42101.39587
Philippines,PHL,2017,8,105172.921,71,5.594270229,1.33671735,53.61026026,1.6,8120.842309
El Salvador,SLV,2017,1,6388.124,72.9,6.339318275,1.985553581,56.01473623,1.6,8454.058198
United Kingdom,GBR,2017,3,66727.463,81.2,7.103273392,4.200775572,54.51330242,1.6,45955.32701
Peru,PER,2017,1,31444.299,76.3,5.710936546,2.146596444,53.45396197,1.6,12506.53017
Nicaragua,NIC,2017,1,6384.843,74.1,6.476356506,1.740174226,59.74465975,1.6,6004.017296
Tajikistan,TJK,2017,7,8880.27,70.6,5.829234123,0.965336517,57.71557999,1.6,3089.530208
Netherlands,NLD,2017,3,17021.343,82,7.458965302,5.024509566,53.1166972,1.6,55264.57036
Dominican Republic,DOM,2017,1,10513.111,73.7,5.605202675,1.752746688,53.14711944,1.6,16735.33259
Armenia,ARM,2017,7,2944.789,74.8,4.287736416,1.79751554,44.36779447,1.6,12115.05701
Brazil,BRA,2017,1,207833.825,75.5,6.332929134,2.81001845,52.99111082,1.6,14519.84913
Bangladesh,BGD,2017,6,159685.421,72.1,4.309771061,0.831657377,48.37629207,1.6,4161.089713
Mexico,MEX,2017,1,124777.326,74.9,6.410299301,2.623132531,54.11144842,1.6,19785.90501
Uzbekistan,UZB,2017,7,31959.774,71.4,6.421447754,1.995011429,55.20577972,1.6,6518.804687
Kyrgyzstan,KGZ,2017,7,6189.727,71.2,5.629536629,1.55354464,52.55963878,1.6,5046.691535
Serbia,SRB,2017,7,8829.623,75.7,5.122031212,2.754592084,45.65771779,1.6,16664.06071
Nepal,NPL,2017,6,27632.682,70.2,4.736692429,1.092066691,48.3830935,1.6,3099.306082
Thailand,THA,2017,8,69209.817,76.7,5.938895226,2.577403902,52.70447747,1.6,17420.56515
Germany,DEU,2017,3,82658.409,81,7.074324608,4.702938114,51.73915277,1.6,53121.98768
Spain,ESP,2017,3,46647.425,83.3,6.230173111,4.026419355,51.55928857,1.6,39655.15021
France,FRA,2017,3,64842.513,82.4,6.635222435,4.602202298,50.6401261,1.6,44755.32528
Mauritius,MUS,2017,5,1264.497,74.7,6.174117565,3.06446719,49.97634013,1.6,21415.11611
Finland,FIN,2017,3,5511.372,81.6,7.788251877,5.83504831,51.04208969,1.6,47644.42838
Senegal,SEN,2017,5,15419.354,67.4,4.683024883,1.160491011,45.35825605,1.6,3203.900758
Ireland,IRL,2017,3,4753.281,81.9,7.060155392,5.013502757,50.86492353,1.6,78051.521
Albania,ALB,2017,7,2884.169,78.3,4.639548302,2.049188713,47.91756054,1.6,12811.75944
Moldova,MDA,2017,7,4059.687,71.7,5.325530529,1.866907293,48.90989304,1.6,11651.31745
Norway,NOR,2017,3,5296.324,82.1,7.578744888,5.775153972,50.53455496,1.6,64255.28265
Morocco,MAR,2017,4,35581.257,76.2,5.312482834,1.768041014,52.95231399,1.6,7314.154487
Italy,ITA,2017,3,60673.694,83.2,6.198870182,4.410827158,49.46967817,1.6,41713.90002
Sweden,SWE,2017,3,9904.895,82.5,7.286804676,6.076790938,48.06842081,1.6,52113.83434
"Palestine, State of",PSE,2017,4,4747.233,73.7,4.62813282,0.812429998,52.29639146,1.6,6401.740891
Argentina,ARG,2017,1,43937.143,76.4,6.039330006,3.304015065,49.15572513,1.6,23597.11775
Indonesia,IDN,2017,8,264650.969,71.3,5.098401546,1.661594819,48.27079061,1.6,10935.84175
Cyprus,CYP,2017,3,1179.685,80.7,6.062051296,3.877463304,49.47223476,1.6,37766.90166
Venezuela,VEN,2017,1,29402.48,72.2,5.070750713,2.282610075,45.28177224,1.6,..
Greece,GRC,2017,3,10569.449,81.9,5.14824152,4.12298257,43.56733884,1.6,29233.79663
Vietnam,VNM,2017,8,94600.643,75.2,5.175278664,2.242731901,48.36464959,1.6,7155.745829
Israel,ISR,2017,4,8243.849,82.7,7.331036091,5.5468826,50.57504766,1.6,39022.88802
Azerbaijan,AZE,2017,7,9845.316,72.7,5.152279377,1.97349664,47.88077778,1.6,14121.40694
Cambodia,KHM,2017,8,16009.413,69.3,4.585842133,1.325940283,45.16385035,1.6,3928.373688
Iceland,ISL,2017,3,334.395,82.7,7.476213932,6.8228,46.3978659,1.6,55274.18912
Slovenia,SVN,2017,7,2076.395,81,6.166837692,4.895139369,45.7815681,1.6,36622.19529
Bosnia and Herzegovina,BIH,2017,7,3351.534,77.1,5.089902401,3.492220488,42.94081871,1.6,13797.79022
Paraguay,PRY,2017,1,6867.058,74,5.71329546,3.090904849,46.51049958,1.6,12594.34143
Congo (Brazzaville),COG,2017,5,5110.701,64,4.883991241,1.066666789,44.57206784,1.6,4274.296414
Japan,JPN,2017,8,127502.728,84.3,5.910676479,4.651207358,47.38539508,1.6,41093.50063
Czech Republic,CZE,2017,7,10641.032,79.1,6.789567947,5.471300902,45.65914911,1.6,38948.86299
Austria,AUT,2017,3,8819.902,81.3,7.293727875,6.02481835,47.53631933,1.6,54342.94786
Sri Lanka,LKA,2017,6,21128.028,76.6,4.330945492,1.490568979,47.70705693,1.6,12584.10442
Slovakia,SVK,2017,7,5447.903,77.2,6.365509033,4.413979185,46.43715015,1.6,30189.39713
Algeria,DZA,2017,4,41389.174,76.5,5.248912334,2.301701722,49.48500728,1.6,11737.40935
Portugal,PRT,2017,3,10288.527,81.7,5.711499214,4.40181771,45.6479221,1.6,33150.20997
Romania,ROU,2017,7,19653.966,75.8,6.089904785,3.402462701,48.53868715,1.6,27230.52382
Croatia,HRV,2017,7,4182.847,78.2,5.343165874,3.719136937,44.18255747,1.6,26885.65841
Liberia,LBR,2017,5,4702.224,63.3,4.424490929,1.107914267,40.73527933,1.6,1515.64325
Chile,CHL,2017,1,18470.435,79.9,6.320119381,4.280644903,48.58351925,1.6,24548.1877
Singapore,SGP,2017,8,5708.042,83.3,6.378437996,5.868474185,44.59428992,1.6,94940.97079
Hungary,HUN,2017,7,9729.822,76.5,6.065038681,3.673492153,47.57198268,1.6,29559.21447
Denmark,DNK,2017,3,5732.277,80.7,7.593702316,6.928879641,45.36657659,1.6,55533.44735
Iraq,IRQ,2017,4,37552.789,70.3,4.462399006,1.803408514,42.41906805,1.6,10971.97001
Kenya,KEN,2017,5,50221.146,65.9,4.475654125,0.993979465,43.73543251,1.6,4046.208425
Pakistan,PAK,2017,6,207906.21,66.9,5.830870628,0.863778249,55.05779695,1.6,4571.414491
Poland,POL,2017,7,37953.176,78.3,6.201268196,4.712723393,45.00138843,1.6,30160.49423
Bolivia,BOL,2017,1,11192.853,70.9,5.65055275,3.084220334,43.97615561,1.6,8423.696806
Uganda,UGA,2017,5,41166.588,62.5,4.000516891,1.042912858,37.69692522,1.6,2074.860241
Yemen,YEM,2017,4,27834.811,66.1,3.253560066,0.610368755,37.30334959,1.6,..
Georgia,GEO,2017,7,4008.723,73.4,4.45077467,2.179147971,42.56177598,1.6,13589.70739
Mozambique,MOZ,2017,5,28649.007,59.3,4.279863358,0.804465155,38.3428658,1.6,1283.65987
Madagascar,MDG,2017,5,25570.511,66.3,4.078620434,0.916822995,41.70496943,1.6,1584.422678
Tunisia,TUN,2017,4,11433.438,76.3,4.124342918,2.15357032,42.36673266,1.6,10605.25721
North Macedonia,MKD,2017,7,2081.996,75.6,5.233866692,3.06168418,44.80451926,1.6,15699.89421
Jordan,JOR,2017,4,9785.84,74.3,4.808082581,1.926430407,46.96536822,1.6,10010.39496
Iran,IRN,2017,4,80673.888,76.3,4.716783047,3.224457514,41.31012722,1.6,14535.86223
Malta,MLT,2017,3,437.935,82.2,6.675665855,5.684844976,46.18947093,1.6,42539.73635
Egypt,EGY,2017,4,96442.59,71.7,3.929344177,1.780060494,39.880006,1.6,11014.48614
Taiwan,TWN,2017,8,23674.546,80.1173,6.359450817,5.83,42.75072932,1.6,#N/A
Australia,AUS,2017,2,24584.619,83.1,7.25703764,7.272647577,44.06809061,1.6,48633.13322
Belarus,BLR,2017,7,9450.233,74.3,5.552915096,4.204488934,40.93394697,1.6,18280.19892
Laos,LAO,2017,8,6953.031,67.3,4.623140812,1.996751197,40.3882331,1.6,7257.807932
Libya,LBY,2017,4,6580.723,72.5,5.646852493,3.459671177,43.36284088,1.6,13237.99853
Belgium,BEL,2017,3,11419.752,81.3,6.928347588,6.603176082,43.63812748,1.6,50596.6428
Comoros,COM,2017,5,813.89,63.9,,1.141346589,,1.6,3032.254682
China,CHN,2017,8,1421021.794,76.5,5.099061489,3.71444441,41.67950278,1.6,14344.42124
Malaysia,MYS,2017,8,31104.655,75.8,5.666585445,3.908324926,43.72526932,1.6,26661.1877
Ethiopia,ETH,2017,5,106399.926,65.9,4.180315495,1.00771664,41.60349911,1.6,2021.561046
Saudi Arabia,SAU,2017,4,33101.183,74.9,6.294282436,5.768481303,39.55164833,1.6,47309.13223
Burkina Faso,BFA,2017,5,19193.236,60.8,4.646891117,1.121392324,40.1603322,1.6,2044.381874
Benin,BEN,2017,5,11175.192,61.2,4.853180885,1.413485095,40.21962056,1.6,3044.513887
Niger,NER,2017,5,21602.388,61.6,4.615673542,1.564738265,38.32558134,1.6,1163.683259
Montenegro,MNE,2017,7,627.563,76.7,5.614798546,4.085460949,43.26495167,1.6,19745.11298
Turkey,TUR,2017,4,81116.451,77.2,5.607262135,3.509141363,46.0748894,1.6,28007.97483
Ukraine,UKR,2017,7,44487.708,71.8,4.311067104,2.659172545,38.42360354,1.6,11871.12362
Congo (Kinshasa),COD,2017,5,81398.765,60,4.311033249,0.754067374,39.36733655,1.6,1059.810775
Canada,CAN,2017,2,36732.091,82.2,7.414868355,8.077236163,41.82213127,1.6,48487.76028
Bulgaria,BGR,2017,7,7102.452,74.8,5.096901894,3.63544597,40.935937,1.6,21455.56436
Myanmar,MMR,2017,8,53382.521,66.6,4.154341698,1.708556523,38.31323451,1.6,4739.910118
Cameroon,CMR,2017,5,24566.07,58.5,5.07405138,1.264084293,40.18398452,1.6,3554.525156
Gabon,GAB,2017,5,2064.812,65.8,4.782382965,2.171096345,39.48938701,1.6,15006.76409
South Korea,KOR,2017,8,51096.408,82.6,5.873887062,6.175655659,40.51557726,1.6,41110.6448
Cote d'Ivoire,CIV,2017,5,24437.475,57,5.037734985,1.421130691,37.97278871,1.6,4830.751701
Sudan,SDN,2017,5,40813.398,64.9,,1.334512378,,1.6,4362.578409
Ghana,GHA,2017,5,29121.464,63.5,5.481310844,2.042007762,42.55938534,1.6,4996.638706
Mali,MLI,2017,5,18512.429,58.5,4.741850376,1.435808169,37.3662321,1.6,2246.801669
Rwanda,RWA,2017,5,11980.96,68.3,3.10837388,0.674639047,37.36791393,1.6,1975.252453
Lebanon,LBN,2017,4,6819.373,78.8,5.153989792,3.329648715,45.15592938,1.6,16005.25704
Malawi,MWI,2017,5,17670.193,63.3,3.416862965,0.899869344,35.07855368,1.6,1037.545868
Kazakhstan,KAZ,2017,7,18080.023,72.7,5.882351398,5.988221467,35.68789318,1.6,24862.96612
Haiti,HTI,2017,1,10982.367,63.3,3.823865652,0.642578407,39.21815961,1.6,2980.960856
Guinea,GIN,2017,5,12067.516,60.7,4.873722553,1.680077299,38.63546408,1.6,2417.799187
Burundi,BDI,2017,5,10827.01,60.9,3.557596087,0.629289356,35.69475221,1.6,773.5718584
United States of America,USA,2017,2,325084.758,78.9,6.9917593,8.036161443,38.29597972,1.6,60062.22231
Togo,TGO,2017,5,7698.476,60.5,4.360805035,1.089000526,38.29398876,1.6,1516.526046
Tanzania,TZA,2017,5,54660.345,64.5,3.347121239,1.167050404,34.15789107,1.6,2530.438453
Lithuania,LTU,2017,7,2845.419,75.5,6.272940636,5.864387431,39.49106761,1.6,33869.74153
Namibia,NAM,2017,5,2402.623,63,4.441306114,2.102830819,35.85611864,1.6,10050.50128
Bhutan,BTN,2017,6,745.563,71.1,,4.372488641,,1.6,11142.39995
India,IND,2017,6,1338676.779,69.2,4.046111107,1.194777473,42.02997103,1.6,6185.993893
South Africa,ZAF,2017,5,57009.751,63.5,4.513655186,3.155162675,32.57705319,1.6,12701.34893
Eswatini,SWZ,2017,5,1124.808,58.3,,1.88396707,,1.6,8408.454272
Russia,RUS,2017,7,145530.091,72.1,5.578742981,5.475099538,35.44718967,1.6,26005.97994
Mauritania,MRT,2017,5,4282.582,64.5,4.678159714,2.313232115,37.34564725,1.6,5077.195472
Estonia,EST,2017,7,1319.389,78.4,5.938395977,7.16080994,35.73640942,1.6,33964.31415
Zambia,ZMB,2017,5,16853.608,63,3.932777405,0.968201247,37.99429004,1.6,3485.005238
United Arab Emirates,ARE,2017,4,9487.206,77.6,7.039419651,8.945830316,35.55711198,1.6,67183.62656
Latvia,LVA,2017,7,1951.097,75,5.977817535,6.131974947,36.98340444,1.6,28741.47519
Nigeria,NGA,2017,5,190873.247,54,5.321928024,1.023790323,39.11294842,1.6,5190.354386
Hong Kong,HKG,2017,8,7306.315,84.5,5.362474918,9.05338,31.62644672,1.6,59849.24818
Bahrain,BHR,2017,4,1494.077,77,6.227320671,8.655573463,32.69513916,1.6,47709.87381
Kuwait,KWT,2017,4,4056.102,75.3,6.093905449,8.031758458,32.72680536,1.6,50855.49996
Turkmenistan,TKM,2017,7,5757.667,68,5.229148865,5.224274446,32.28019195,1.6,14205.02158
Botswana,BWA,2017,5,2205.076,68.8,3.504881144,2.741095417,31.49326747,1.6,17253.28063
Luxembourg,LUX,2017,3,591.914,82,7.061380863,12.79042523,30.2816418,1.6,112666.7694
Trinidad and Tobago,TTO,2017,1,1384.06,73.2,6.191859722,8.227159701,31.66247324,1.6,26447.59327
Chad,TCD,2017,5,15016.761,53.7,4.558937073,1.671427102,31.76874686,1.6,1587.03106
Afghanistan,AFG,2017,6,36296.111,64.1,2.66171813,0.664047068,31.46323232,1.6,2058.383832
Sierra Leone,SLE,2017,5,7488.427,53.9,4.089562416,1.001921655,32.13759895,1.6,1642.606593
Zimbabwe,ZWE,2017,5,14236.599,60.8,3.63830018,1.030194843,34.21260457,1.6,3028.245976
Lesotho,LSO,2017,5,2091.532,52.9,3.795300722,1.468049695,27.99116364,1.6,2783.115664
Central African Republic,CAF,2017,5,4596.023,52.2,3.475862026,1.174955477,26.87391329,1.6,912.8020523
Mongolia,MNG,2017,8,3113.788,69.5,5.333850384,8.04620625,27.0210166,1.6,11311.79382
Qatar,QAT,2017,4,2724.727,80,,14.72037707,,1.6,91738.8538
Costa Rica,CRI,2016,1,4899.336,79.7,7.135617733,2.710142521,62.37983287,1.6,19211.56676
Vanuatu,VUT,2016,8,278.326,70,6.712810158,,,1.6,3061.78724
Colombia,COL,2016,1,48175.048,76.7,6.233715057,2.041412426,58.1467944,1.6,14242.80689
Switzerland,CHE,2016,3,8379.915,83.3,7.458519936,4.600744924,56.11937518,1.6,66344.07481
Ecuador,ECU,2016,1,16491.116,76.4,6.115437508,1.691060743,59.5325466,1.6,11551.61667
Panama,PAN,2016,1,4037.073,78,6.117638111,2.260211915,56.93162189,1.6,29337.88139
Jamaica,JAM,2016,1,2906.242,74.2,5.696685632,1.60550902,55.20347421,1.6,9550.810094
Guatemala,GTM,2016,1,16583.079,73.5,6.358916283,1.839335755,57.67299232,1.6,8205.754475
Honduras,HND,2016,1,9270.794,74.7,5.648154736,1.538380265,55.73818967,1.6,5395.613969
Uruguay,URY,2016,1,3424.139,77.5,6.171485424,,,1.6,20862.17131
New Zealand,NZL,2016,2,4659.265,81.9,7.225687981,4.471543489,54.37656561,1.6,41671.90256
Philippines,PHL,2016,8,103663.812,70.8,5.430832863,1.311292302,52.443902,1.6,7705.045222
El Salvador,SLV,2016,1,6356.137,72.6,6.139824867,2.003133136,54.29450265,1.6,8309.630336
United Kingdom,GBR,2016,3,66297.944,81.1,6.8242836,4.32868698,52.14458882,1.6,45409.41756
Peru,PER,2016,1,30926.036,76,5.700628757,2.22869112,52.63961877,1.6,12403.68875
Nicaragua,NIC,2016,1,6303.97,73.9,6.012739658,1.754731864,56.1793593,1.6,5811.910595
Tajikistan,TJK,2016,7,8663.575,70.4,5.103721142,0.938113355,52.31128953,1.6,2942.647962
Netherlands,NLD,2016,3,16981.285,81.9,7.540877342,4.985808928,53.68594754,1.6,54019.80035
Dominican Republic,DOM,2016,1,10397.738,73.5,5.238698483,1.682617518,50.84355559,1.6,16166.60375
Armenia,ARM,2016,7,2936.147,74.6,4.325471878,1.864460043,44.13751633,1.6,11303.0717
Brazil,BRA,2016,1,206163.056,75.2,6.374817371,2.679956558,53.78350082,1.6,14446.41281
Bangladesh,BGD,2016,6,157977.151,71.8,4.5561409,0.811499079,50.19169361,1.6,3920.301119
Mexico,MEX,2016,1,123333.379,74.9,6.824172974,2.565252482,57.15920886,1.6,19603.30887
Uzbekistan,UZB,2016,7,31441.753,71.2,5.892539024,2.068162203,51.08585014,1.6,6346.334778
Kyrgyzstan,KGZ,2016,7,6074.327,71.1,4.856534004,1.684128381,46.32117641,1.6,4912.382483
Serbia,SRB,2016,7,8853.963,75.5,5.752754688,2.945289678,48.5659779,1.6,16234.49818
Nepal,NPL,2016,6,27263.43,69.8,5.099539757,1.041023037,51.05097307,1.6,2902.249217
Thailand,THA,2016,8,68971.313,76.4,6.07363987,2.483871661,53.9310042,1.6,16797.7721
Germany,DEU,2016,3,82193.77,80.9,6.873763084,4.762096813,50.26092251,1.6,51968.67654
Spain,ESP,2016,3,46634.131,83.1,6.318612099,4.056278297,51.82363812,1.6,38600.44682
France,FRA,2016,3,64667.59,82.3,6.475208759,4.42894984,50.43392161,1.6,43844.7477
Mauritius,MUS,2016,5,1261.87,74.6,5.610003471,3.485270099,44.45301295,1.6,20646.933
Finland,FIN,2016,3,5497.714,81.4,7.659843445,6.14548749,48.99474076,1.6,46244.1052
Senegal,SEN,2016,5,14993.514,67.1,4.59453392,1.102542084,44.85430544,1.6,3067.662712
Ireland,IRL,2016,3,4695.79,81.6,7.04073143,5.041625359,50.42761852,1.6,72962.8507
Albania,ALB,2016,7,2886.427,78.2,4.511100769,1.958895085,47.42776412,1.6,12331.12775
Moldova,MDA,2016,7,4066.013,71.6,5.577784061,1.704609444,51.55072489,1.6,10942.55087
Norway,NOR,2016,3,5250.95,82,7.596331596,5.467441028,51.87219257,1.6,63305.60402
Morocco,MAR,2016,4,35126.274,76,5.38630724,1.661657846,54.03605083,1.6,7109.242906
Italy,ITA,2016,3,60663.068,83,5.95452404,4.326680767,48.25081043,1.6,40968.14304
Sweden,SWE,2016,3,9836.003,82.4,7.368744373,6.131761144,48.2140206,1.6,51498.35302
"Palestine, State of",PSE,2016,4,4635.644,73.6,4.906618118,0.756118455,54.86205981,1.6,6438.93364
Argentina,ARG,2016,1,43508.459,76.2,6.427221298,3.191666261,51.99075157,1.6,23189.52745
Indonesia,IDN,2016,8,261556.386,71,5.136325359,1.620646723,48.5456262,1.6,10531.19794
Cyprus,CYP,2016,3,1170.189,80.5,5.794618607,3.594506579,49.05419209,1.6,36526.81906
Venezuela,VEN,2016,1,29851.249,72.4,4.041114807,2.474575191,37.88709688,1.6,..
Greece,GRC,2016,3,10615.183,81.7,5.302619457,4.117237054,44.40699922,1.6,28743.41723
Vietnam,VNM,2016,8,93640.435,75.2,5.062267303,2.193571431,47.87010449,1.6,6767.902495
Israel,ISR,2016,4,8108.984,82.5,7.159010887,4.771553354,52.95537866,1.6,38427.74095
Azerbaijan,AZE,2016,7,9736.041,72.5,5.303894997,1.957670423,48.84719645,1.6,14238.78414
Cambodia,KHM,2016,8,15766.29,69,4.461259365,1.330308969,44.04312192,1.6,3733.955498
Iceland,ISL,2016,3,332.209,82.6,7.510034561,,,1.6,54125.48067
Slovenia,SVN,2016,7,2074.205,80.9,5.936821461,4.869526398,44.53491409,1.6,34969.77263
Bosnia and Herzegovina,BIH,2016,7,3386.263,77,5.180865288,3.616624633,42.88989601,1.6,13236.45206
Paraguay,PRY,2016,1,6777.878,73.8,5.801380157,2.890093677,47.91831036,1.6,12157.80061
Congo (Brazzaville),COG,2016,5,4980.996,63.6,4.119493484,1.086581587,39.05896825,1.6,4598.656999
Japan,JPN,2016,8,127763.267,84.1,5.954650879,4.464446398,48.33973477,1.6,40155.28071
Czech Republic,CZE,2016,7,10618.868,78.9,6.735627174,5.536453224,45.00467855,1.6,37133.15493
Austria,AUT,2016,3,8747.306,81.3,7.048071861,5.851399947,46.93854373,1.6,53439.41395
Sri Lanka,LKA,2016,6,21021.177,76.5,4.471276045,1.510298522,48.57545597,1.6,12287.47271
Slovakia,SVK,2016,7,5442.001,77,5.993163109,4.148562599,45.34959148,1.6,29343.28297
Algeria,DZA,2016,4,40551.398,76.3,5.340853691,2.35779786,49.64701731,1.6,11826.16467
Portugal,PRT,2016,3,10325.54,81.4,5.446637154,3.968619361,45.74078356,1.6,31949.20921
Romania,ROU,2016,7,19796.28,75.6,5.96887064,3.028765191,49.55906318,1.6,25225.26379
Croatia,HRV,2016,7,4208.611,78,5.416875362,3.902592041,43.70496939,1.6,25681.55207
Liberia,LBR,2016,5,4586.788,62.8,3.354676008,1.138004336,33.23599467,1.6,1516.355714
Chile,CHL,2016,1,18209.072,79.8,6.579056263,4.111787612,50.82981708,1.6,24608.06503
Singapore,SGP,2016,8,5653.625,83.1,6.033480644,6.324792215,41.12248981,1.6,91075.53531
Hungary,HUN,2016,7,9752.97,76.3,5.448901653,3.783801361,43.31716346,1.6,28260.77661
Denmark,DNK,2016,3,5711.346,80.6,7.55778265,6.916156244,45.17885125,1.6,54358.03363
Iraq,IRQ,2016,4,36610.632,70.1,4.412537098,1.734939452,42.29979124,1.6,11542.26426
Kenya,KEN,2016,5,49051.531,65.4,4.396127701,0.997617888,42.77505281,1.6,3952.745641
Pakistan,PAK,2016,6,203631.356,66.8,5.548508167,0.824596542,53.22461771,1.6,4421.670349
Poland,POL,2016,7,37989.218,78.1,6.162076473,4.349812156,46.16811923,1.6,28774.2728
Bolivia,BOL,2016,1,11031.822,70.6,5.769723415,3.127037545,44.25669116,1.6,8202.550925
Uganda,UGA,2016,5,39649.173,62,4.233261108,1.059253532,38.76208933,1.6,2075.098911
Yemen,YEM,2016,4,27168.21,66.1,3.825630903,0.641415903,41.33043295,1.6,..
Georgia,GEO,2016,7,4015.457,73.2,4.448386192,2.052957638,43.04600412,1.6,12963.74396
Mozambique,MOZ,2016,5,27829.93,58.3,4.414815426,0.771077498,38.59457063,1.6,1273.783084
Madagascar,MDG,2016,5,24894.37,65.9,3.663085938,0.92524314,38.44090988,1.6,1565.866924
Tunisia,TUN,2016,4,11303.942,76.1,4.521453381,2.15384163,44.99366706,1.6,10524.99351
North Macedonia,MKD,2016,7,2080.746,75.5,5.34574604,2.896622876,46.2416857,1.6,15541.21281
Jordan,JOR,2016,4,9554.286,74.2,5.27128458,1.995216108,49.70275016,1.6,10039.50576
Iran,IRN,2016,4,79563.991,76,4.652730942,3.15587854,41.02257135,1.6,14205.20717
Malta,MLT,2016,3,436.099,82.1,6.590842247,5.653807741,45.79585328,1.6,40476.6286
Egypt,EGY,2016,4,94447.071,71.5,4.556740761,1.753555862,44.17219302,1.6,10795.80863
Taiwan,TWN,2016,8,23618.201,79.9362,6.512850761,,,1.6,#N/A
Australia,AUS,2016,2,24262.71,83,7.250080109,6.42539913,46.88539264,1.6,48347.03166
Belarus,BLR,2016,7,9445.638,74,5.177899361,3.92232532,39.76507471,1.6,17822.60659
Laos,LAO,2016,8,6845.848,66.9,,1.850226676,,1.6,6896.129388
Libya,LBY,2016,4,6492.16,72.3,5.43358326,3.584012617,41.48335513,1.6,10592.42442
Belgium,BEL,2016,3,11354.407,81.1,6.948936462,6.235419323,44.89112374,1.6,49988.07943
Comoros,COM,2016,5,795.597,63.7,,1.230996595,,1.6,2987.989053
China,CHN,2016,8,1414049.353,76.2,5.32495594,3.561086011,43.48180178,1.6,13487.82248
Malaysia,MYS,2016,8,30684.652,75.6,5.994353294,3.869577177,45.64232251,1.6,25541.64399
Ethiopia,ETH,2016,5,103603.461,65.5,4.297848701,1.022719119,42.03016388,1.6,1894.896632
Saudi Arabia,SAU,2016,4,32443.443,74.8,6.473921299,5.411623376,41.57445544,1.6,48627.1493
Burkina Faso,BFA,2016,5,18646.35,60.4,4.205634594,1.138078772,36.99844683,1.6,1981.426838
Benin,BEN,2016,5,10872.072,60.9,4.007357597,1.463542632,34.61954904,1.6,2961.441778
Niger,NER,2016,5,20788.789,61.1,4.234645844,1.599893413,35.51831581,1.6,1151.655159
Montenegro,MNE,2016,7,627.271,76.6,5.304066181,3.707825723,42.98068696,1.6,18857.90297
Turkey,TUR,2016,4,79827.868,76.9,5.326221943,3.301411187,45.1192084,1.6,26471.28695
Ukraine,UKR,2016,7,44713.708,71.7,4.028690338,2.785184675,36.11445679,1.6,11534.638
Congo (Kinshasa),COD,2016,5,78789.13,59.7,4.521935463,0.771842844,40.4038578,1.6,1055.572955
Canada,CAN,2016,2,36382.942,82.1,7.244845867,8.147206425,40.8171384,1.6,47564.81088
Bulgaria,BGR,2016,7,7151.948,74.7,4.837560654,3.440644829,40.14805243,1.6,20578.59751
Myanmar,MMR,2016,8,53045.199,66.2,4.623119831,1.684802906,41.14836783,1.6,4482.924518
Cameroon,CMR,2016,5,23926.549,58.1,4.816232204,1.33204428,37.99550162,1.6,3524.444514
Gabon,GAB,2016,5,2007.882,65.4,4.831764221,2.312826415,38.85935188,1.6,15359.80924
South Korea,KOR,2016,8,50983.446,82.4,5.970564365,5.927906679,41.72344712,1.6,39963.61047
Cote d'Ivoire,CIV,2016,5,23822.726,56.6,4.542545795,1.256956665,35.60724689,1.6,4615.711582
Sudan,SDN,2016,5,39847.433,64.7,,1.37715515,,1.6,4284.811056
Ghana,GHA,2016,5,28481.947,63.1,4.514411449,1.972134304,36.91534815,1.6,4724.125116
Mali,MLI,2016,5,17965.448,58,4.016027927,1.467639292,32.65902655,1.6,2198.562706
Rwanda,RWA,2016,5,11668.829,67.9,3.332989931,0.689257275,38.70454113,1.6,1950.528104
Lebanon,LBN,2016,4,6714.281,78.8,5.27072382,3.375625868,45.67735347,1.6,16108.50408
Malawi,MWI,2016,5,17205.253,62.7,3.476492643,0.834487971,35.38943639,1.6,1024.601072
Kazakhstan,KAZ,2016,7,17830.902,72.1,5.533551693,5.8496004,34.15479972,1.6,24210.86296
Haiti,HTI,2016,1,10839.976,62.9,3.352300167,0.65225687,35.58263314,1.6,2952.618729
Guinea,GIN,2016,5,11738.434,60.2,3.602854729,1.614086462,31.12473456,1.6,2253.478244
Burundi,BDI,2016,5,10488.002,60.5,3.339909077,0.660994808,33.79186488,1.6,794.6045744
United States of America,USA,2016,2,323015.992,78.9,6.803599834,8.166101256,37.15926754,1.6,59043.21146
Togo,TGO,2016,5,7509.952,60.2,3.878578424,1.05384781,35.20649964,1.6,1489.683845
Tanzania,TZA,2016,5,53049.231,63.8,2.90273428,1.162798537,30.79859938,1.6,2441.565214
Lithuania,LTU,2016,7,2889.555,75.2,5.865552425,5.42216635,38.76692009,1.6,32027.80742
Namibia,NAM,2016,5,2358.044,62.6,4.485534509,2.550851501,34.04333668,1.6,10266.74525
Bhutan,BTN,2016,6,736.706,70.8,,4.520954232,,1.6,10775.14643
India,IND,2016,6,1324517.25,68.9,4.179177284,1.146932709,43.02898423,1.6,5840.670229
South Africa,ZAF,2016,5,56207.649,63.2,4.769739628,3.1153156,33.85786272,1.6,12702.91708
Eswatini,SWZ,2016,5,1113.994,57,,1.813382667,,1.6,8321.10661
Russia,RUS,2016,7,145275.374,71.8,5.85494566,5.190674842,37.48104911,1.6,25568.90779
Mauritania,MRT,2016,5,4163.532,64.2,4.472149372,2.356836308,35.77782322,1.6,5045.8943
Estonia,EST,2016,7,1316.507,78.1,5.649675369,7.026632994,34.629869,1.6,32232.92164
Zambia,ZMB,2016,5,16363.449,62.5,4.347543716,0.962652967,40.40789981,1.6,3467.875156
United Arab Emirates,ARE,2016,4,9360.975,77.5,6.83095026,8.81626146,34.98120005,1.6,66510.86746
Latvia,LVA,2016,7,1974.265,74.9,5.940446377,6.220245929,36.49648773,1.6,27590.98338
Nigeria,NGA,2016,5,185960.244,53.5,5.219567776,1.065062377,37.89295421,1.6,5284.891949
Hong Kong,HKG,2016,8,7243.541,84.3,5.498420715,,,1.6,58096.28339
Bahrain,BHR,2016,4,1425.793,76.9,6.169673443,8.737183945,32.24323174,1.6,47937.77631
Kuwait,KWT,2016,4,3956.862,75.2,5.947194576,8.439226413,31.2002207,1.6,54708.70268
Turkmenistan,TKM,2016,7,5662.371,67.8,5.887051582,5.262398327,35.04876278,1.6,13562.52608
Botswana,BWA,2016,5,2159.925,68.2,3.498936653,2.675328146,31.3556357,1.6,17117.12222
Luxembourg,LUX,2016,3,579.266,81.8,6.967340946,12.7564273,29.94113103,1.6,113396.7538
Trinidad and Tobago,TTO,2016,1,1377.563,73.1,,7.821044834,,1.6,27201.46855
Chad,TCD,2016,5,14561.658,53.4,4.029350281,1.754370026,28.52399341,1.6,1687.052642
Afghanistan,AFG,2016,6,35383.028,63.8,4.220168591,0.701342232,42.04274923,1.6,2057.062164
Sierra Leone,SLE,2016,5,7328.846,53.4,4.732953072,0.989760192,35.44928688,1.6,1610.552727
Zimbabwe,ZWE,2016,5,14030.338,60.3,3.7354002,1.033343054,34.4686362,1.6,2934.73365
Lesotho,LSO,2016,5,2075.041,52.1,3.808204889,1.331656951,28.01152779,1.6,2842.698609
Central African Republic,CAF,2016,5,4537.683,51.6,2.693061113,1.164323601,22.34825123,1.6,884.4944169
Mongolia,MNG,2016,8,3056.358,69.3,5.056999683,7.621831436,26.68082725,1.6,10940.41507
Qatar,QAT,2016,4,2654.379,79.9,,14.21852259,,1.6,95601.9874
Costa Rica,CRI,2015,1,4847.805,79.6,6.854004383,2.519102684,61.7462735,1.61,18625.00494
Vanuatu,VUT,2015,8,271.128,69.9,6.631873439,,,1.61,3037.784742
Colombia,COL,2015,1,47520.667,76.5,6.387571812,1.96862671,59.65478682,1.61,14143.70357
Switzerland,CHE,2015,3,8296.775,83.1,7.572136879,4.689625556,56.25750342,1.61,65936.62603
Ecuador,ECU,2015,1,16212.022,76.1,5.964075089,1.904908167,56.73102,1.61,11896.37663
Panama,PAN,2015,1,3968.49,77.8,6.605550289,2.353808081,59.61897837,1.61,28436.35983
Jamaica,JAM,2015,1,2891.024,74.1,5.5036122,1.520201786,54.37250794,1.61,9470.797195
Guatemala,GTM,2015,1,16252.425,73.3,6.464986801,1.841373041,58.29211188,1.61,8125.364862
Honduras,HND,2015,1,9112.904,74.5,4.845436573,1.586166564,49.45467831,1.61,5283.409956
Uruguay,URY,2015,1,3412.013,77.4,6.628080368,,,1.61,20588.39312
New Zealand,NZL,2015,2,4614.527,81.7,7.418120861,4.925947837,53.20181426,1.61,41106.7184
Philippines,PHL,2015,8,102113.206,70.6,5.547489166,1.136656153,54.40935611,1.61,7300.135781
El Salvador,SLV,2015,1,6325.121,72.4,6.018496037,1.954985131,53.68541181,1.61,8143.016917
United Kingdom,GBR,2015,3,65860.149,81.1,6.515445232,4.543905349,49.39438329,1.61,44893.73978
Peru,PER,2015,1,30470.739,75.8,5.577263355,2.371760991,50.85814263,1.61,12110.26888
Nicaragua,NIC,2015,1,6223.234,73.6,5.924112797,1.498266138,57.16899761,1.61,5630.397464
Tajikistan,TJK,2015,7,8454.019,70.1,5.124210835,0.877953739,52.70636418,1.61,2821.656311
Netherlands,NLD,2015,3,16938.492,81.7,7.324437141,5.422548045,50.45889694,1.61,53143.29965
Dominican Republic,DOM,2015,1,10281.675,73.2,5.061862469,1.633445779,49.72229954,1.61,15328.35206
Armenia,ARM,2015,7,2925.559,74.5,4.34831953,1.937085317,43.89880496,1.61,11321.35576
Brazil,BRA,2015,1,204471.759,75,6.546896935,2.781374399,54.19507017,1.61,15059.23437
Bangladesh,BGD,2015,6,156256.287,71.5,4.633473873,0.856500731,50.29627986,1.61,3700.111081
Mexico,MEX,2015,1,121858.251,74.9,6.236287117,2.531891089,53.59353453,1.61,19332.07427
Uzbekistan,UZB,2015,7,30929.556,70.9,5.972364426,1.983254491,51.94984692,1.61,6086.715742
Kyrgyzstan,KGZ,2015,7,5959.126,70.9,4.905375957,1.736587192,46.26285961,1.61,4805.141092
Serbia,SRB,2015,7,8876.777,75.3,5.317685127,2.855840383,46.18605787,1.61,15627.94862
Nepal,NPL,2015,6,27015.033,69.5,4.812436581,0.962500331,49.28776969,1.61,2911.548304
Thailand,THA,2015,8,68714.519,76.1,6.201762676,2.442232465,54.87633155,1.61,16301.53809
Germany,DEU,2015,3,81787.411,80.8,7.037137508,4.864903075,50.7113199,1.61,51247.06555
Spain,ESP,2015,3,46671.919,83,6.380663395,3.929249872,52.84710679,1.61,37496.42147
France,FRA,2015,3,64453.194,82.2,6.357625008,4.662123295,48.6826246,1.61,43484.23872
Mauritius,MUS,2015,5,1259.457,74.5,5.628891706,3.444039124,44.73934336,1.61,19897.4754
Finland,FIN,2015,3,5481.128,81.2,7.447925568,5.769722671,49.33257044,1.61,45108.9916
Senegal,SEN,2015,5,14578.45,66.7,4.61700058,1.152577572,44.45649306,1.61,2966.453516
Ireland,IRL,2015,3,4652.42,81.3,6.830125332,5.115699003,48.80178696,1.61,71173.51565
Albania,ALB,2015,7,2890.524,78,4.606650829,2.041462861,47.57418049,1.61,11916.42231
Moldova,MDA,2015,7,4070.705,71.5,6.017472267,1.530720247,55.76270768,1.61,10360.82959
Norway,NOR,2015,3,5199.827,81.9,7.603433609,5.754590367,50.67855619,1.61,63188.66728
Morocco,MAR,2015,4,34663.608,75.7,5.163156986,1.789557021,51.40795506,1.61,7129.68627
Italy,ITA,2015,3,60578.489,82.8,5.847683907,4.3765207,47.31775428,1.61,40376.35073
Sweden,SWE,2015,3,9764.949,82.3,7.28892231,6.04098689,48.15009952,1.61,51091.58922
"Palestine, State of",PSE,2015,4,4529.16,73.4,4.695239067,0.774529355,52.9289479,1.61,6048.976597
Argentina,ARG,2015,1,43075.416,76.1,6.69713068,3.603949653,51.43833804,1.61,23933.88661
Indonesia,IDN,2015,8,258383.257,70.8,5.04279995,1.608902514,47.8746162,1.61,10149.60391
Cyprus,CYP,2015,3,1160.987,80.3,5.439161301,3.415136344,47.60420644,1.61,34375.56372
Venezuela,VEN,2015,1,30081.827,72.6,5.568800449,2.838176968,45.93564945,1.61,..
Greece,GRC,2015,3,10659.737,81.5,5.622519016,4.164361203,46.06999201,1.61,28678.88087
Vietnam,VNM,2015,8,92677.082,75.1,5.076315403,2.121977798,48.35691874,1.61,6438.260271
Israel,ISR,2015,4,7978.496,82.3,7.07941103,5.665343436,48.53490883,1.61,37687.74748
Azerbaijan,AZE,2015,7,9622.741,72.3,5.146774769,2.167163086,46.52453921,1.61,14853.91055
Cambodia,KHM,2015,8,15521.435,68.6,4.162164688,1.281823523,41.98964735,1.61,3543.703553
Iceland,ISL,2015,3,330.237,82.5,7.498070717,,,1.61,51471.02158
Slovenia,SVN,2015,7,2071.199,80.7,5.740642071,4.869947718,43.36917874,1.61,33912.92825
Bosnia and Herzegovina,BIH,2015,7,3429.362,76.9,5.117177963,3.362356835,43.60700492,1.61,12671.00801
Paraguay,PRY,2015,1,6688.746,73.7,5.559724331,2.966967429,46.02595075,1.61,11810.42797
Congo (Brazzaville),COG,2015,5,4856.093,63.1,4.690830231,1.079378685,42.54468175,1.61,5252.154163
Japan,JPN,2015,8,127985.139,83.9,5.879684448,4.437556634,47.93934159,1.61,39900.75492
Czech Republic,CZE,2015,7,10601.39,78.7,6.608017445,5.504941053,44.39500336,1.61,36283.91103
Austria,AUT,2015,3,8678.667,81.2,7.07644701,5.864231182,47.03133872,1.61,52966.70248
Sri Lanka,LKA,2015,6,20908.024,76.3,4.611606598,1.540621456,49.35841678,1.61,11890.51618
Slovakia,SVK,2015,7,5435.614,76.8,6.162004471,4.145402606,46.24839464,1.61,28767.60276
Algeria,DZA,2015,4,39728.02,76.1,5.847876072,2.516409986,52.05948199,1.61,11696.96376
Portugal,PRT,2015,3,10368.346,81.2,5.080866337,3.94438521,43.53658371,1.61,31218.13566
Romania,ROU,2015,7,19925.182,75.5,5.777491093,2.931425287,48.85549262,1.61,23954.3959
Croatia,HRV,2015,7,4232.874,77.9,5.205438137,3.739903864,43.12976486,1.61,24640.85097
Liberia,LBR,2015,5,4472.229,62.3,2.701591253,1.17641039,28.5885113,1.61,1580.478874
Chile,CHL,2015,1,17969.356,79.6,6.532749653,4.10930268,50.49039653,1.61,24516.83689
Singapore,SGP,2015,8,5592.143,82.9,6.619524956,6.4393368,43.65209629,1.61,89366.30789
Hungary,HUN,2015,7,9777.925,76,5.34438324,3.44843684,44.02126767,1.61,27587.13548
Denmark,DNK,2015,3,5688.695,80.5,7.514424801,7.145140815,44.20832842,1.61,53061.54437
Iraq,IRQ,2015,4,35572.269,69.9,4.493377209,1.771564034,42.56272307,1.61,10310.68002
Kenya,KEN,2015,5,47878.339,64.8,4.357617855,1.057958759,41.76008859,1.61,3824.759543
Pakistan,PAK,2015,6,199426.953,66.6,4.823194981,0.791605196,48.10268146,1.61,4278.346427
Poland,POL,2015,7,38034.076,77.9,6.007021904,4.115993292,46.22308935,1.61,27885.80961
Bolivia,BOL,2015,1,10869.732,70.3,5.834329128,3.124304343,44.48356829,1.61,7984.413455
Uganda,UGA,2015,5,38225.447,61.4,4.237686634,1.075465705,38.30611876,1.61,2054.090126
Yemen,YEM,2015,4,26497.881,66.1,2.982673883,0.708112521,34.866719,1.61,..
Georgia,GEO,2015,7,4024.18,73,4.121940613,1.964982486,41.19047581,1.61,12605.14007
Mozambique,MOZ,2015,5,27042.001,57.2,4.549767494,0.794238931,38.48049333,1.61,1262.613081
Madagascar,MDG,2015,5,24234.08,65.5,3.592514038,0.927791747,37.70188054,1.61,1546.766536
Tunisia,TUN,2015,4,11179.951,75.9,5.131611824,2.152264003,49.15310868,1.61,10519.73939
North Macedonia,MKD,2015,7,2079.335,75.4,4.975589752,3.157434727,42.68560487,1.61,15121.12307
Jordan,JOR,2015,4,9266.573,74.1,5.404593468,1.893776444,51.22810441,1.61,10145.83449
Iran,IRN,2015,4,78492.208,75.8,4.749955654,3.200017713,41.36126242,1.61,12698.10807
Malta,MLT,2015,3,433.559,81.9,6.61339426,5.141045998,47.88916061,1.61,39862.53107
Egypt,EGY,2015,4,92442.549,71.3,4.762538433,1.875143286,44.82085516,1.61,10570.44546
Taiwan,TWN,2015,8,23557.473,79.7495,6.450088024,,,1.61,#N/A
Australia,AUS,2015,2,23932.499,82.8,7.309060574,6.304403015,47.56684669,1.61,47784.17848
Belarus,BLR,2015,7,9439.424,73.7,5.718907833,4.003956383,42.31306114,1.61,18307.51967
Laos,LAO,2015,8,6741.16,66.5,,1.74692341,,1.61,6543.666806
Libya,LBY,2015,4,6418.315,72.1,5.615404606,3.88207529,41.19857575,1.61,11022.42921
Belgium,BEL,2015,3,11287.931,81,6.904219151,6.245225383,44.62783153,1.61,49613.3651
Comoros,COM,2015,5,777.435,63.5,,0.988838745,,1.61,2959.539971
China,CHN,2015,8,1406847.868,75.9,5.303877831,3.613343562,42.9910151,1.61,12691.82155
Malaysia,MYS,2015,8,30270.965,75.5,6.322121143,3.913004379,47.3134855,1.61,24787.8262
Ethiopia,ETH,2015,5,100835.453,65,4.573154926,1.059856419,43.36953047,1.61,1779.084023
Saudi Arabia,SAU,2015,4,31717.676,74.7,6.345491886,5.990331797,39.01627851,1.61,48921.22913
Burkina Faso,BFA,2015,5,18110.616,59.9,4.418930054,1.171624216,37.83133399,1.61,1925.331225
Benin,BEN,2015,5,10575.962,60.6,3.624664307,1.329072738,32.71230513,1.61,2945.973006
Niger,NER,2015,5,20001.663,60.6,3.671453714,1.633603934,31.74591484,1.61,1132.331205
Montenegro,MNE,2015,7,626.957,76.5,5.124921322,3.712395724,41.89296266,1.61,18321.89756
Turkey,TUR,2015,4,78529.413,76.5,5.514465332,3.281165573,46.16614895,1.61,26041.52835
Ukraine,UKR,2015,7,44921.636,71.5,3.964542866,2.278177551,37.73761847,1.61,11237.07446
Congo (Kinshasa),COD,2015,5,76244.532,59.3,3.902741671,0.808555575,35.94450865,1.61,1065.24241
Canada,CAN,2015,2,36026.668,82,7.412772655,7.921993139,42.20680019,1.61,47629.51205
Bulgaria,BGR,2015,7,7199.739,74.6,4.865401268,3.40871584,40.43299082,1.61,19682.79943
Myanmar,MMR,2015,8,52680.724,65.8,4.223846436,1.647427119,38.54776205,1.61,4268.500515
Cameroon,CMR,2015,5,23298.376,57.6,5.037964821,1.286020207,39.17658912,1.61,3458.6939
Gabon,GAB,2015,5,1947.69,64.9,4.66101265,2.395218511,37.21436962,1.61,15510.0708
South Korea,KOR,2015,8,50823.087,82.1,5.780211449,5.797080901,41.0529808,1.61,38974.0041
Cote d'Ivoire,CIV,2015,5,23226.148,56.1,4.445038795,1.234552189,34.81490026,1.61,4417.151166
Sudan,SDN,2015,5,38902.948,64.4,,1.306620824,,1.61,4191.823461
Ghana,GHA,2015,5,27849.203,62.8,3.985916138,2.001901143,33.53668329,1.61,4670.431623
Mali,MLI,2015,5,17438.772,57.5,4.582098484,1.479868195,35.53292792,1.61,2139.735561
Rwanda,RWA,2015,5,11369.066,67.5,3.483108997,0.686465198,39.61006104,1.61,1889.157275
Lebanon,LBN,2015,4,6532.681,78.8,5.171971321,3.406617642,44.96997611,1.61,16299.21525
Malawi,MWI,2015,5,16745.305,62,3.86763835,0.851668057,37.48073827,1.61,1027.229606
Kazakhstan,KAZ,2015,7,17572.01,71.3,5.949995041,5.882587608,35.56350402,1.61,24290.41763
Haiti,HTI,2015,1,10695.54,62.5,3.569762468,0.648546238,36.87488828,1.61,2941.815531
Guinea,GIN,2015,5,11432.096,59.6,3.504693508,1.560901579,30.41397624,1.61,2087.784046
Burundi,BDI,2015,5,10160.034,60.1,3.122222066,0.631616718,32.24339336,1.61,825.2059856
United States of America,USA,2015,2,320878.312,78.9,6.863946915,8.068903862,37.71290626,1.61,58509.58354
Togo,TGO,2015,5,7323.162,59.9,3.768301964,1.078348985,34.23152633,1.61,1447.229049
Tanzania,TZA,2015,5,51482.638,63.1,3.660597324,1.354596322,34.48131845,1.61,2354.139221
Lithuania,LTU,2015,7,2931.872,74.9,5.711378098,5.461260085,37.75359151,1.61,30846.43781
Namibia,NAM,2015,5,2314.901,62.1,4.529762904,1.825591307,37.0056706,1.61,10487.50002
Bhutan,BTN,2015,6,727.885,70.4,5.082128525,4.476071522,35.20787353,1.61,10086.19751
India,IND,2015,6,1310152.392,68.6,4.342079163,1.132968675,44.10126332,1.61,5454.347104
South Africa,ZAF,2015,5,55386.369,62.6,4.887325764,3.302355293,33.46703325,1.61,12840.0354
Eswatini,SWZ,2015,5,1104.038,55.4,,1.980561544,,1.61,8304.613326
Russia,RUS,2015,7,144985.059,71.5,5.995538712,5.178031955,38.06952237,1.61,25566.28763
Mauritania,MRT,2015,5,4046.304,63.9,3.922664165,2.268294251,32.82463887,1.61,5127.436084
Estonia,EST,2015,7,1315.33,77.8,5.628908634,7.027994729,34.42629032,1.61,31246.23394
Zambia,ZMB,2015,5,15879.37,61.7,4.843164444,0.932807649,43.26301794,1.61,3443.555206
United Arab Emirates,ARE,2015,4,9262.896,77.3,6.568397522,9.535821061,32.35232144,1.61,65218.79227
Latvia,LVA,2015,7,1997.675,74.7,5.880597591,6.16647606,36.31080676,1.61,26706.26276
Nigeria,NGA,2015,5,181137.454,53.1,4.932914734,1.089426287,35.8888557,1.61,5514.770455
Hong Kong,HKG,2015,8,7185.992,84,5.478235722,,,1.61,57215.9704
Bahrain,BHR,2015,4,1371.853,76.8,6.00737524,6.687148581,36.54810202,1.61,48110.80433
Kuwait,KWT,2015,4,3835.588,75.1,6.146031857,8.436236055,31.98476069,1.61,54834.25119
Turkmenistan,TKM,2015,7,5565.283,67.7,5.791460037,5.399333895,34.19830863,1.61,12993.52247
Botswana,BWA,2015,5,2120.716,67.3,3.761964798,2.495548601,33.07775983,1.61,16714.39782
Luxembourg,LUX,2015,3,566.741,81.6,6.701571465,12.75793434,29.01207818,1.61,110798.7362
Trinidad and Tobago,TTO,2015,1,1370.332,72.9,,7.110527688,,1.61,29182.57065
Chad,TCD,2015,5,14110.971,53.1,4.322675228,1.725248801,29.95960257,1.61,1857.107337
Afghanistan,AFG,2015,6,34413.603,63.4,3.982854605,0.705662883,40.10080812,1.61,2068.265904
Sierra Leone,SLE,2015,5,7171.909,52.9,4.908617973,1.052693655,35.76663953,1.61,1551.822009
Zimbabwe,ZWE,2015,5,13814.642,59.5,3.70319128,1.059412767,33.6325062,1.61,2958.209004
Lesotho,LSO,2015,5,2059.011,51,,1.243638624,,1.61,2727.120651
Central African Republic,CAF,2015,5,4493.171,50.9,,1.133873961,,1.61,852.7494264
Mongolia,MNG,2015,8,2998.433,69.1,4.982719898,7.323417564,26.91293083,1.61,11022.95648
Qatar,QAT,2015,4,2565.708,79.8,6.374529362,14.58434634,24.87044297,1.61,95965.17643
